email,name,language,gender,tags,salutation,introduction,suffix,referrer,lead_source,username,password,cell_phone,remove_tags,dob,vip_number,work_company,work_phone,work_fax,work_address,work_address_2,work_city,work_state,work_zip,work_country,home_phone,home_fax,home_address,home_address_2,home_city,home_state,home_zip,home_country,billing_phone,billing_fax,billing_address,billing_address_2,billing_city,billing_state,billing_zip,billing_country
test1@test.dev,First1 Last1,en,male,tester,Mr.,Dr,II,test.com,test_source,test1,password,1111111111,rtag,1/1/2000,1VIP,Webiva,122-222-2222,133-333-33333,1 Test lane,Suite 302,Boston,MA,02199,USA,212-222-2222,717-777-7777,1 Village St,Unit 1,Wilburg,MA,00122,USA,555-155-5555,444-144-1444,P.O. Box #3411,Webiva,Salt Lake City,Nevada,09281-3411,USA
test2@test.dev,First2 Last2,en,male,tester,Mr.,Dr,II,test.com,test_source,test2,password,2222222222,rtag,2/2/2000,2VIP,Webiva,222-222-2222,233-333-33333,2 Test lane,Suite 302,Boston,MA,02299,USA,222-222-2222,727-777-7777,2 Village St,Unit 2,Wilburg,MA,00222,USA,555-255-5555,444-244-2444,P.O. Box #3422,Webiva,Salt Lake City,Nevada,09282-3422,USA
test3@test.dev,First3 Last3,en,male,tester,Mr.,Dr,II,test.com,test_source,test3,password,3333333333,rtag,3/3/2000,3VIP,Webiva,322-222-2222,333-333-33333,3 Test lane,Suite 302,Boston,MA,02399,USA,232-222-2222,737-777-7777,3 Village St,Unit 3,Wilburg,MA,00322,USA,555-355-5555,444-344-3444,P.O. Box #3433,Webiva,Salt Lake City,Nevada,09283-3433,USA
test4@test.dev,First4 Last4,en,male,tester,Mr.,Dr,II,test.com,test_source,test4,password,4444444444,rtag,4/4/2000,4VIP,Webiva,422-222-2222,433-333-33333,4 Test lane,Suite 302,Boston,MA,02499,USA,242-222-2222,747-777-7777,4 Village St,Unit 4,Wilburg,MA,00422,USA,555-455-5555,444-444-4444,P.O. Box #3444,Webiva,Salt Lake City,Nevada,09284-3444,USA
test5@test.dev,First5 Last5,en,male,tester,Mr.,Dr,II,test.com,test_source,test5,password,5555555555,rtag,5/5/2000,5VIP,Webiva,522-222-2222,533-333-33333,5 Test lane,Suite 302,Boston,MA,02599,USA,252-222-2222,757-777-7777,5 Village St,Unit 5,Wilburg,MA,00522,USA,555-555-5555,444-544-5444,P.O. Box #3455,Webiva,Salt Lake City,Nevada,09285-3455,USA
test6@test.dev,First6 Last6,en,male,tester,Mr.,Dr,II,test.com,test_source,test6,password,6666666666,rtag,6/6/2000,6VIP,Webiva,622-222-2222,633-333-33333,6 Test lane,Suite 302,Boston,MA,02699,USA,262-222-2222,767-777-7777,6 Village St,Unit 6,Wilburg,MA,00622,USA,555-655-5555,444-644-6444,P.O. Box #3466,Webiva,Salt Lake City,Nevada,09286-3466,USA
test7@test.dev,First7 Last7,en,male,tester,Mr.,Dr,II,test.com,test_source,test7,password,7777777777,rtag,7/7/2000,7VIP,Webiva,722-222-2222,733-333-33333,7 Test lane,Suite 302,Boston,MA,02799,USA,272-222-2222,777-777-7777,7 Village St,Unit 7,Wilburg,MA,00722,USA,555-755-5555,444-744-7444,P.O. Box #3477,Webiva,Salt Lake City,Nevada,09287-3477,USA
test8@test.dev,First8 Last8,en,male,tester,Mr.,Dr,II,test.com,test_source,test8,password,8888888888,rtag,8/8/2000,8VIP,Webiva,822-222-2222,833-333-33333,8 Test lane,Suite 302,Boston,MA,02899,USA,282-222-2222,787-777-7777,8 Village St,Unit 8,Wilburg,MA,00822,USA,555-855-5555,444-844-8444,P.O. Box #3488,Webiva,Salt Lake City,Nevada,09288-3488,USA
test9@test.dev,First9 Last9,en,male,tester,Mr.,Dr,II,test.com,test_source,test9,password,9999999999,rtag,9/9/2000,9VIP,Webiva,922-222-2222,933-333-33333,9 Test lane,Suite 302,Boston,MA,02999,USA,292-222-2222,797-777-7777,9 Village St,Unit 9,Wilburg,MA,00922,USA,555-955-5555,444-944-9444,P.O. Box #3499,Webiva,Salt Lake City,Nevada,09289-3499,USA
test0@test.dev,First0 Last0,en,male,tester,Mr.,Dr,II,test.com,test_source,test0,password,0000000000,rtag,1/10/2000,0VIP,Webiva,022-222-2222,033-333-33333,0 Test lane,Suite 302,Boston,MA,02099,USA,202-222-2222,707-777-7777,0 Village St,Unit 0,Wilburg,MA,00022,USA,555-055-5555,444-044-0444,P.O. Box #3400,Webiva,Salt Lake City,Nevada,09280-3400,USA
